Batch,Company,Headquarters,Founders,Description,Sector,Website,Demo,
Fall,Abundant,"San Francisco, CA, USA","Meji Abidoye, Jesse Hu, Ke Huang",On-demand human workforce for AI agents,"Workforce Management, AI",https://abundant.ai/,https://youtu.be/o55IoVw50CQ,
Fall,Aditto,"San Francisco, CA, USA","Keller Maloney, Will Jack",Let AI manage your marketing,"Marketing, AI",https://aditto.co/,https://www.loom.com/share/e7084374372343b18af1972bde1e694b?sid=3ade079e-c091-49c8-99fa-5f19169dc27f,
Fall,Afternoon.co,"New York, NY, USA","Roman Zubenko, Benjamin Paik",AI Bookkeeping and tax platform for ecommerce & startup founders,"Fintech, Bookkeeping",https://afternoon.co/,https://youtu.be/BXTDlFGtYLo,
Fall,Alex,,Daniel Edrisian,The Cursor for Xcode,"Developer Tools, AI",https://alexcodes.app/,https://youtu.be/CEefIxm-WdA,
Fall,Andoria,"San Francisco, CA, USA","Anirudh Ramprasad, Daryl Budiman",AI customer agent that generates in-app walkthroughs on demand,"Customer Service, AI",https://andoria.ai/,,
Fall,ArchiLabs,"San Francisco, CA, USA","Brian Bakerman, William Meng",AI Copilot for Architects,"Architecture, AI",https://archilabs.ai/,https://www.loom.com/share/aaa3f2c0362d4144b15663940ab512f2?sid=df0dfcbe-8c12-4ba8-8a45-a6044af825a7,
Fall,Asha Health,"New York, NY, USA","Akkshay Khosla, Gokul Kumarresen",We help medical practices launch their own AI clinic,"Healthcare, AI",https://asha.health/,,
Fall,Astrix Health,"New York, NY, USA","Abhinav Swaminathan, Thomas Blake",Astrix builds AI purchasing agents for healthcare providers.,"Healthcare, Supply Chain, AI",https://astrix.health/,,
Fall,AutoComputer,"San Francisco, CA, USA","Madhav Singhal, Rick Sugden",Desktop RPA with AI computer use,"Automation, AI",https://autocomputer.ai/,https://youtu.be/tcFpwrvB7FE,
Fall,BeerMe,"New York, NY, USA","Gray Newfield, Noah Newfield","Fun, global Venmo built on USDC","Fintech, Blockchain",https://beerme.world/,https://youtu.be/ulsKCkjobHE,
Fall,Bifrost Orbital,"San Francisco, CA, USA","Onkar Singh, Geffen Avraham",24/7 and real-time connectivity for satellites,"Aerospace, Connectivity",https://bifrostorbital.com/,,
Fall,Bramble,"San Francisco, CA, USA","Nimesh Chakravarthi, Daniel Hsu, Deepan Mehta",The next generation Zillow,"Real Estate, AI",https://usebramble.com/,https://youtu.be/zFCG09fxJ_E,
Fall,Canvas,"San Francisco, CA, USA",Essam Sleiman,AI-Copilot for Customer Success Teams,"Customer Service, AI",https://canvas.inc/,https://www.loom.com/share/46bfe7ca3ab9464a913244acc081fcb8?sid=bb73eae6-2c27-4289-bc66-f9e41d384fb4,
Fall,Cekura,,"Blake Shao, Jialiang Zhou","Keep support, marketing, and sales materials up-to-date","Marketing, Customer Success, AI",https://cekura.io/,https://youtu.be/JJR7hz3dPaQ,
Fall,Chorrie,"New York, NY, USA","Christopher Schlaepfer, Jorrie Brettin",Eliminate medical claim denials & underbilling with AI,"Healthcare, AI",https://chorrie.com/,https://youtu.be/orI95bsgaio,
Fall,Circlemind,,"Antonio Vespoli, Luca Pinchetti, Yuhang Song",Circlemind is an open-source RAG using knowledge graphs and PageRank.,"Developer Tools, AI",https://circlemind.co/,https://youtu.be/pGYYnYxRUHw,
Fall,Coblocks,"New York, NY, USA","Nisola Shobayo, Kevin Schaich",Build data pipelines in minutes with AI,"Data Engineering, AI",https://coblocks.ai/,https://youtu.be/CwfKpDh-Zbw,
Fall,Codebuff,"San Francisco, CA, USA","Brandon Chen, James Grugett",The CLI tool that writes code for you,"Developer Tools, AI",https://codebuff.com/,,
Fall,CollectWise,,"Sean O'Brien, Vivek Isukapalli",Automating consumer debt collection with AI,"Fintech, Legaltech, AI",https://collectwise.com/,https://www.loom.com/share/15df08dce1ea492c911ee685aabf78e7?sid=61b9e65a-2229-4f52-be13-5d66d34ad5fb,
Fall,Consus,"San Francisco, CA, USA",Eric Magliarditi,Your single source of truth for government documents,"Governance, AI",https://consusindustries.co/,https://youtu.be/ouFe09NHTo4,
Fall,Crustdata,"San Francisco, CA, USA","Abhilash Chowdhary, Manmohit Grewal, Chris Pisarski",Real-time B2B data via simple APIs,"HR, Marketing, AI",https://crustdata.com/,https://youtu.be/TwUYDCrdLvk,
Fall,CTGT,"San Francisco, CA, USA","Cyril Gorlla, Trevor Tuttle",Entirely New AI Stack: Efficient and Safe Alternative to LLM Ecosystem,"Compliance, AI",https://ctgt.ai/,https://www.loom.com/share/7e4948fa0ccf4256b2f7036ee8d7baf4?sid=d0dcdfd4-c659-474c-aaa5-514857472b29,
Fall,Curo,"San Francisco, CA, USA","Andrew Porter, Kieran White",Electric fleets park and charge anywhere with Curo,"Transportation, Energy",https://curocharging.com/,https://youtu.be/N0jcdalLpFU,
Fall,Dexter,"Berlin, Germany","Bella Wu, Vincent Garrigues, Caterina Kiehntopf",AI workflow automation for field operations,"Operations, AI",https://getdexter.co/,https://youtu.be/8Ng79Oy8YUE,
Fall,Diffusion Studio,"San Francisco, CA, USA","Konstantin Paulus, Matthias Ruiz",Next Generation Canva for AI Video Editing in the Browser,"Design, AI",https://diffusion.studio/,https://youtu.be/FbMyfluvdYU,
Fall,Docflow,"San Francisco, CA, USA","Michael Mounajjed, Ben Liu",We build automated scheduling software for hospitals,"Healthcare, Scheduling, AI",https://mydocflow.com/,https://youtu.be/MQqcWuxvdio,
Fall,Ember Copilot,"San Francisco, CA, USA","Charlene Wang, Warren Wang",The only medical scribe that reduces claim denials by 55%,"Healthcare, AI",https://embercopilot.ai/,https://youtu.be/RUkosYD-FLQ,
Fall,Encore,"San Francisco, CA, USA","Alex Ruber, Parth Chopra",Conversational search and discovery for secondhand products,"E-commerce, Retail, AI",https://shopencore.ai/,https://youtu.be/nD7YIGvNa08,
Fall,Fabricate,,"Lucas Crupi, Ethan Breit",Procurement for Hardware Teams,"Supply Chain, Hardware, Manufacturing, AI",https://tryfabricate.com/,https://youtu.be/SYAAd9bGSlQ,
Fall,Fix AI,"San Francisco, CA, USA","Kesav Kosana, Arav Seth",AI agents that navigate websites like real users to find bugs,"Software Testing, Developer Tools, AI",https://tryfix.ai/,https://youtu.be/7K3jRZukH8E,
Fall,fixa,"San Francisco, CA, USA","Jonathan Liu, Oliver Wendell-Braly",sentry for AI voice agents,"Voice Technology, AI",https://fixa.dev/,https://youtu.be/Cnhf3Vs5Dcw,
Fall,Forerunner AI,"San Francisco, CA, USA","Yash Kadadi, Will Nida","Copilot for aerospace engineers making rockets, munitions, satellites","Aerospace, Engineering",https://tryforerunner.com/,https://youtu.be/0EsKdLXPFAs,
Fall,Foundry,"San Francisco, CA, USA","Manil Lakabi, Pranav Raja",Retool for AI Agents,"Developer Tools, Automation, AI",https://thefoundryai.com/,https://youtu.be/0nduYlyXaxw,
Fall,Fresco,"San Francisco, CA, USA","Arvind Veluvali, Akhil Gupta",AI copilot for construction superintendents,"Construction, AI",https://fresco-ai.com/,https://www.youtube.com/shorts/LOu3g9A6P2w?feature=share,
Fall,Friday,"San Francisco, CA, USA","Allen Naliath, Advait Paliwal",An assistant that understands your emails and handles them for you,"Productivity, AI",https://fridaymail.ai/,https://youtu.be/2Dq11hlJhqs,
Fall,Gait,"San Francisco, CA, USA","Alex Hsia, Kyle Li",Building Dev Infra for AI Software Engineers,"Developer Tools, AI",https://getgait.com/,https://youtu.be/GcQMSbYBS28,
Fall,Galini,"San Francisco, CA, USA","Shaun Ayrton, Raul Zablah",Compliance guardrails-as-a-service for AI applications,"Compliance, AI",https://galini.ai/,https://youtu.be/2luqEuXK-34,
Fall,Gander,"New York, NY, USA","Andrew Dixon, Arjan Guglani","LLMs For Aviation, Starting with Customer Service","Aviation, AI",https://usegander.com/,https://youtu.be/VC30v0dgt-I,
Fall,Gecko Security,"San Francisco, CA, USA","Artemiy Malyshau, Jeevan Jutla",The AI Security Engineer to Find and Fix Vulnerabilities,"Cybersecurity, AI",https://gecko.security/,https://youtu.be/ObuItEP3rZk,
Fall,Getcho,"New York, NY, USA","Jack Considine, Mike Considine, Evandro Nadal",The reliability platform for last-mile delivery,"Logistics, AI",https://getcho.app/,https://youtu.be/GFxJq_xekfI,
Fall,HealthSpark,"San Francisco, CA, USA","Stephen Grinich, Jonah Tuchow",Launch and run an AI-native physical therapy practice,"Healthcare, AI",https://joinhealthspark.com/,https://youtu.be/MT6gWvuPjM0,
Fall,Helpcare AI,"San Francisco, CA, USA","Huzaifa Sial, Ayush Tomar","AI Workers for Healthcare Orgs to Find, Call & Schedule More Patients","Healthcare, AI",https://helpcare.ai/,https://youtu.be/cWwsuSoAHgk,
Fall,HumanLayer,"San Francisco, CA, USA","Vaibhav Gupta, Dexter Horthy",Human-in-the-Loop for AI Agents,"Developer Tools, AI",https://humanlayer.dev/,https://youtu.be/5sbN8rh_S5Q,
Fall,HYBRD,"Boston, MA, USA","Ben Katz, Caroline ""Shoe"" Shoemaker, Matt Ruiters, Mats Terwiesch",Strava for the modern athlete,"Fitness, AI",https://hybrd.app/,https://youtu.be/ZBvnawK7If0,
Fall,Innate,"Palo Alto, CA, USA","Axel Peytavin, Vignesh Anand",Teachable general-purpose robots,"Robotics, AI",https://innate.bot/,https://youtu.be/hGK0lIGT49E,
Fall,ISSEN,"New York, NY, USA","Anton Apostolatos, Mariano Sorgente",AI realtime voice companion for language learning,"Education, AI",https://issen.com/,https://youtu.be/7sftLFew6eM,
Fall,Karmen,"San Francisco, CA, USA","Jonas Ebrahimi, Naman Wahi",AI Assistant for Construction Project Managers,"Construction, AI",https://karmenai.com/,https://youtu.be/YtrQeMM5Yps,
Fall,Keye,"New York, NY, USA","Rohan Parikh, Conor Brown, Lalit Lal",The Smartest Private Equity Investor,"Private Equity, AI",https://keye.co/,https://www.loom.com/share/ab97cda368214714a28a932dc6a8a494?sid=33dd6625-bb69-4dc4-a46d-5f22814940fa,
Fall,Lightscreen AI,"Sunnyvale, CA, USA","Prachie Banthia, Gavin Saldanha",Voice + video AI interviewer,"Recruitment, AI",https://lightscreen.ai/,https://youtu.be/mXRCfDuGpSA,
Fall,Lune AI,"San Francisco, CA, USA","Sam Park, Josh Park",Better GPT and Claude for coding,"Developer Tools, AI",https://lune.dev/,https://youtu.be/Zwokp23C3ek,
Fall,Luthor,,"Glenn Espinosa, John Espinosa",AI Copilot for Marketing Compliance,"Marketing, Compliance, AI",https://luthor.ai/,https://youtu.be/3iyKloVbA4k,
Fall,Melder,"New York, NY, USA","Ashwin Dharne, Phil Brewer",AI Data Integration for Supply Chain,"Supply Chain, Procurement, AI",https://melder.io/,https://youtu.be/4QDDmMWchmw,
Fall,Metreecs,,"Martin Dimitrov, Elie Dufeu, Thibaut Pellegrin",AI-powered demand forecasting for retail,"Retail, AI",https://www.metreecs.com/,,
Fall,Moonshine,"San Francisco, CA, USA","Ganesh Pimpale, Harsha Gundala",APIs for video understanding,"Video Analysis, AI",https://usemoonshine.com/,https://youtu.be/oO332ljpqvs,
Fall,OpenClinic,"San Francisco, CA, USA","Nabil Belahouane, Hassan Mirza, Riyan Moussaoui, Usama Syed","Digital healthcare clinics that are 99% AI, 1% doctor","Healthcare, AI",https://tryopenclinic.com/,https://youtu.be/cUoLpodvLwE,
Fall,OpenFunnel,"San Francisco, CA, USA","Aditya Lahiri, Fenil Suchak",Personalised Agents for AI-First GTM Teams,"Marketing, AI, AI Assistant",https://openfunnel.dev/,https://youtu.be/n8QMtShty88,
Fall,Origami Agents,"San Francisco, CA, USA","Kenson Chung, Finn Mallery",Agents that find your perfect customers,"Customer Service, AI",https://origami-agents.com/,https://youtu.be/gTavVBPGkLU,
Fall,Pear AI,"San Francisco, CA, USA","Duke Pan, Nang Ang",VSCode For The New Age of AI,"Developer Tools, AI",https://trypear.ai/,https://youtu.be/UpxhRnKj5Ck,
Fall,Pearson Labs,"San Francisco, CA, USA","Stephanie Young, Qi Yang",AI agents to automate corporate transactions,"Fintech, Legaltech, AI",https://pearsonlabs.ai/,,
Fall,PermitPortal,"San Francisco, CA, USA","Alexandru Enache, Radu M.",AI Operating System for Pre-construction,"Construction, AI",https://permitportalapp.com/,https://youtu.be/lOYsVPDtKUA,
Fall,Platus,,"Felix Gerlach, Alexander Sporenberg","Instant Legal Infrastructure - Draft, Sign, Notarize & Process","Legaltech, Automation, AI",https://platus.com/,https://youtu.be/IlynObmr_sQ,
Fall,Praxis AI,"New York, NY, USA","Ransika Liyanage, Aditya Tewari",Manufacturing reasoning agents to predict and prevent machine failures,"Manufacturing, AI",https://praxis-tech.ai/,https://youtu.be/qJ41WG_X8pw,
Fall,Protegee,"San Francisco, CA, USA","Kirthi Banothu, Xiaoyu Li",Payments API for AI Voice Agents,"Fintech, AI",https://protegee.ai/,https://www.tella.tv/video/cm2hvf0iz000503l259wm2kir,
Fall,Raycaster,"San Francisco, CA, USA","Levi Lian, Anthony Humay",Research agent for scientific sales,"Sales, Biotech, AI",https://raycaster.ai/,https://youtu.be/krkDTHqBhMc,
Fall,Recase,,"Ayush Rodrigues, John Yeo",Build internal automation and run it from Slack,"Automation, AI",https://recaseai.com/,,
Fall,Regatta Storage,"San Francisco, CA, USA",Hunter Leath,"Transform S3 in an unlimited, local file system","Cloud Storage, Developer Tools, AI",https://regattastorage.com/,,
Fall,Relvy AI,,"Bharath Bhat, Simranjit Singh",Efficient AI for monitoring production software,"Developer Tools, AI",https://relvy.ai/,https://youtu.be/j_8wLDFMGNM,
Fall,Replexica,"San Francisco, CA, USA","Veronica Prilutskaya, Max Prilutskiy",Automated AI localization for dev teams,"Developer Tools, AI",https://replexica.com/,https://youtu.be/9hwzNfzlMFk,
Fall,Reticular,"San Francisco, CA, USA","Nithin Parsan, John Yang",Interpretable AI for drug discovery,"Healthcare, Drug Discovery, AI",https://reticular.ai/,http://demo.reticular.ai/,
Fall,Revi,"San Francisco, CA, USA","Max Nuyen, Benjamin McKinzey",AI-enabled M&A deal origination,"Fintech, AI",https://revi.ai/,https://youtu.be/mYW3zsotlag,
Fall,Revyl,"San Francisco, CA, USA","Landseer Enga, Anam Hira",Proactive observability,"Developer Tools, AI",https://revyl.ai/,https://youtu.be/Zy7yXTomh7M,
Fall,RiskCube,"San Francisco, CA, USA",Andrei Craciunescu,Digital insurance brokerage for property & casualty risks.,"Insurance, AI",https://riskcube.com/,https://youtu.be/fm7p6KYl7EQ,
Fall,Riveter AI,"San Francisco, CA, USA","Abigail Grills, Erica Clark",The copilot for corporate strategy,"Business Strategy, AI",https://riveterhq.com/,https://youtu.be/thmATCmTy5g,
Fall,Roundabout Technologies,"San Francisco, CA, USA","Sabeek Pradhan, Collin Barnwell",Software for AI-powered traffic lights,"Transportation, AI",https://roundabout.tech/,,
Fall,Rulebase,,"Gideon Ebose, Chidi Williams",AI agents for fraud detection and investigations.,"Fraud Detection, AI",https://rulebase.co/,https://youtu.be/Cwy7tySntyc,
Fall,Ryvn,"San Francisco, CA, USA","Albert Lam, Shardool Patel","Deploy, update, and monitor applications in customer clouds / on-prem","Cloud Computing, Developer Tools, AIOps",https://ryvn.ai/,https://youtu.be/1wTY1a0KKPU,
Fall,Sandra AI,"Paris, France","Badr El Idrissi Mokdad, Ismail Majjad, Skandere Sahli","Building AI employees for car dealers, starting with AI receptionists","Automotive, AI",https://sandra-ai.com/,https://youtu.be/USVY_NldBmY,
Fall,Scrapybara,"San Francisco, CA, USA","Nalin Semwal, Justin Sun",Virtual Desktops for AI Agents,"AI, Productivity, Developer Tools",https://scrapybara.com/,https://youtu.be/ZjPTAb5bg-w,
Fall,ShowAndTell,"San Francisco, CA, USA","Daniel Bessonov, Justin Zhou",Agents for dental operations,"Healthcare, AI",https://tryshowandtell.com/,https://youtu.be/2YC0PhBzYDw,
Fall,Sphinx,"San Francisco, CA, USA","Alexandre Berkovic, Chrisjan Wust",AI Compliance Analysts for Banks & Fintechs,"Compliance, Fintech, AI",https://sphinxlabs.ai/,https://youtu.be/b-pM89SGVJA,
Fall,SRE.ai,"San Francisco, CA, USA","Edward Aryee, Raj Kadiyala",Automated DevOps for Low-Code Platforms,"Developer Tools, AI",https://sre.ai/,https://youtu.be/fMyfVek8zAI,
Fall,StudyDojo,,"Bowen Liu, Janet Liu, Michael Tong",AI tutors for students.,"Education, AI",https://studydojo.com/,https://youtu.be/pSdzytBNJrA,
Fall,Summed AI,"Seattle, WA, USA","Kevin Bao, Tyler Rich, Sherril Wang",The AI Copilot for Insurance Agents,"Insurance, AI",https://summed.ai/,https://youtu.be/aogwdsTc0Bs,
Fall,Sunset,,"Kaela Worthen, Stephen Walter",Find and move money after a death,"Fintech, Estate Management",https://sunsetapp.com/,https://youtu.be/LiYhdOZJyMY,
Fall,supercontrast,"San Francisco, CA, USA","Shravan Kumaran, Carter McClellan",AI Co-Pilot for Design,"Design, AI",https://supercontrast.com/,,
Fall,Surge,"Lehi, UT, USA","Dennis Beatty, Brett Beatty",Stripe for telephony,"Telecommunications, SMS",https://surgemsg.com/,https://youtu.be/3cTyfiw5jtE,
Fall,Symphony,"New York, NY, USA","Murtaza Ali, Shobhit Srivastava",Voice AI sims for next-gen employee training,"HR, AI",https://getsymphony.co/,https://youtu.be/A6dJYCylNiY,
Fall,Synth,"San Francisco, CA, USA",Josh Purtell,We help AI agents learn from data.,"Infrastructure, AI",https://usesynth.ai/,https://youtu.be/DwC8iBLpWdU,
Fall,telli,"Berlin, Germany","Philipp Baumanns, Seb Hapte-Selassie, Finn zur Muehlen",outbound call automation for B2C companies,"Customer Service, AI",https://telli.com/en/,https://youtu.be/7xjIwZf37-M,
Fall,Tiny,"Singapore, Singapore","Louis de Valliere, Edward Zhang",A new kind of ERP system for factories,"ERP, Manufacturing",https://andtiny.com/,https://youtu.be/kmhj7bozMro,
Fall,Upshift,"Charlotte, NC, USA","Adam Suskin, Thomas Baker",Turn your software product into a platform.,"Developer Tools, AI",https://upshift.dev/,https://www.loom.com/share/67856e9942594d8da1343e2df26b2317?sid=cf84e15d-9acd-40c1-aa88-8129fa9f06ba,
Fall,Variant,"San Francisco, CA, USA","Ben South Lee, Daniel Bulhosa Solorzano",Building the state-of-the-art model for software design,"Developer Tools, AI",https://variant.ai/,,
Fall,Vespper,"Tel Aviv-Yafo, Tel Aviv District, Israel","Dudu Lasry, Topaz Turkenitz","AI agent that troubleshoots production alerts for software engineers,??¢Ò","Developer Tools, AI, AI Assistant",https://vespper.com/,https://youtu.be/uN888sOaIig,
Fall,vly.ai,"San Francisco, CA, USA","Victor Cheng, Manav Bokinala, Amir Farahani",Helping companies build full-stack software without developers,"Software Development, AI",https://vly.ai/,https://youtu.be/M4QcpDVFR2c,
Fall,Vocera,"San Francisco, CA, USA","Sidhant Kabra, Shashij Gupta, Tarush Agarwal",Testing & Observability for AI voice agents,"Developer Tools, AI",https://vocera.ai/,https://youtu.be/SZFmBSwOzAU,
Summer,&AI,"San Francisco, CA, USA","Caleb Harris, Herbert Turner",AI-driven patent due diligence platform.,"AI, LegalTech, IP",https://www.tryandai.com/,,founders@tryandai.com
Summer,1849 Bio,"San Francisco, CA, USA","Jai Padmakumar, Yongjin Park","Designs microbes enabling cheap metal extraction, allowing miners to unlock value from low-quality copper and gold ores.","AI, Biotechnology, Metal Extraction, Mining, Copper, Gold",https://www.1849.bio,,intro@1849.bio
Summer,Abel Police,"San Francisco, CA, USA",Daniel Francis,Converts police body camera footage into completed police reports.,"AI, Law Enforcement, Video Analysis, Reports",http://abelpolice.com,,
Summer,Actionbase,"San Francisco, CA, USA",Sam Crombie,Makes the internet interactable through an SDK for robotic process automation (RPA).,"AI, Automation, RPA",https://actionbase.co,,
Summer,ACX,"San Francisco, CA, USA","Emmanouela Petsolari, Melina Petsolari",Recreates bacterial compounds synthetically for applications like crop pathogen elimination.,"AI, Biotechnology, Agriculture, Pathogens",https://www.acxtherapeutics.com/,,emmanouela@acxtherapeutics.com
Summer,Affil.ai,"San Francisco, CA, USA","John Ta, Vivek Olumbe",Monitors affiliate content to help companies expand marketing efforts and maximize revenue.,"AI, Marketing, Affiliate Content, Revenue",https://affil.ai/,,founders@affil.ai
Summer,AI Sell,"San Francisco, CA, USA","Jerry Liu, Jeffrey Liu",AI sales associate designed for eCommerce platforms.,"AI, eCommerce, SalesTech",https://www.aisell.com,,jerry@aisell.com
Summer,AminoAnalytica,"San Francisco, CA, USA","Matteo Peluso, Abhi Rajendran, Adam Wu","AI-powered protein design company, optimizing biotech products like enzymes and peptides.","AI, Biotechnology, Protein Design, Research",https://www.aminoanalytica.com,,founders@aminoanalytica.app
Summer,Anglera,"San Francisco, CA, USA","Amay Aggarwal, Ray Iyer",AI-powered platform managing product data for e-commerce companies.,"AI, E-commerce, Product Data, Automation",https://www.anglera.com/,https://youtu.be/D3jKEOzbD-s,amay@anglera.com
Summer,?ngstr?m AI,"San Francisco, CA, USA","Javier Antoran, Jose Miguel Hernandez Lobato, Laurence Midgley",Uses GenAI for molecular simulations to replace wet lab experiments in drug development.,"AI, Drug Development, Molecular Simulations, GenAI",https://www.angstrom-ai.com/,https://youtu.be/EmTit8tC0TE,info@angstrom-ai.com
Summer,AnswerGrid,"San Francisco, CA, USA","Bolu Ben-Adeola, Noah Ohrner",AI-powered web research tool helping B2B companies identify relevant leads for outbound sales.,"AI, Lead Generation, B2B Sales, Research",https://answergrid.ai,https://www.loom.com/share/fe4e40fa000b4406910a9ce247079138?sid=8bc3b4fa-9128-4391-9491-882a9a5b5369,contact@answergrid.com
Summer,Anthrogen,"New York, NY, USA","Vignesh Karthik, Connor Lee, Ankit Singhal",Uses genetically modified bacteria to convert atmospheric carbon into cheap chemicals.,"Biotechnology, AI, ClimateTech, Chemistry",https://anthrogen.com,,founders@anthrogen.com
Summer,Apten,"San Francisco, CA, USA","Daniel Ho, Roshan Kumaraswamy",AI SMS agents customizable for businesses.,"AI, SMS, Customer Service, Agents",https://www.apten.ai/,https://youtu.be/iuMYEZ4jYHE,founders@apten.ai
Summer,Ares Industries,"El Segundo, CA, USA","Devan Plantamura, Alex Tseng","Developing anti-ship cruise missiles with smaller payloads and high subsonic speeds, compatible with existing launch platforms.","Defense, AI, Military, Missile Technology",https://aresindustries.com,,
Summer,Argil,"Paris, France","Brivael Le Pogam, Laodis Menard",Video generation engine for the creator economy.,"AI, Video Production, Creator Tools",https://argil.ai,https://youtu.be/q8xAigH8HbE,briva@argil.ai
Summer,Arva AI,"San Francisco, CA, USA","Rhim Shah, Oli Wales",AI agent streamlining bank onboarding by handling KYB reviews in real-time.,"AI, Finance, Onboarding, KYB",https://www.arva-ai.com,https://www.loom.com/share/d956b4139f6646649fe0d518caad3386?sid=3b47393f-3078-46b4-8e7a-2d1502a8e702,rhim@arva-ai.com
Summer,Assembly HOA,"Los Angeles, CA, USA","Shreyas Bharadwaj, Allen Liou",Tech-enabled homeowners association management firm.,"PropTech, HOA Management, SaaS",https://assemblyhoa.com,,founders@assemblyhoa.com
Summer,Asterisk,"San Francisco, CA, USA","Asjid Kalam, Vivek R, Mufeed VH","AI-powered tool to find, exploit, and patch security vulnerabilities autonomously.","AI, Cybersecurity, Automation",https://asterisk.so,,hello@asterisk.so
Summer,autarc,"San Francisco, CA, USA","Etienne-Noel Krause, Thies Hansen, Marius Seufzer",OS for HVAC installers to optimize heat pump installations using LiDAR and AI.,"CleanTech, HVAC, AI",https://www.autarc.energy/en,,founders@autarc.energy
Summer,AutoPallet Robotics,"San Francisco, CA, USA","Eric Miller, Nathan Yee",Deploys mobile robots in existing warehouses to automate case picking and improve operational efficiency.,"AI, Robotics, Warehouse Automation",https://autopallet.bot,,connect@autopallet.bot
Summer,Autumn Labs,"San Francisco, CA, USA","Harsh Bhatt, Sam Monga, Prathik Muppidi",Platform to monitor and manage industrial robots and test stations in real time.,"Robotics, Automation, Manufacturing",https://www.autumnlabs.io/,,founders@autumnlabs.io
Summer,Aviary,"San Francisco, CA, USA","Amy Xiao, Edward Zhou","AI-powered video search solution for organizing, analyzing, and moderating large video collections.","AI, Video Search, Moderation, Data Analysis",https://aviary.video,https://www.loom.com/share/22fcb3b2c68244919053dc94df28dfa7?sid=cbfdc171-fc5b-400d-9b45-525f11500048,hello@aviaryhq.com
Summer,Azalea Robotics Corporation,"Berkeley, CA, USA","David Millard, John B. Stroud",Automates airport baggage handling using robots.,"AI, Robotics, Airport, Automation",https://azalearobotics.com/,https://youtu.be/yFtXG44q05A,founders@azalearobotics.com
Summer,Baseline AI,"San Francisco, CA, USA","Zoe Sheill, Nabil Baugher",AI platform to automate clinical trial processes for pharmaceutical companies.,"HealthTech, Pharma, AI",https://www.baselinetrials.com/,,founders@baselinetrials.com
Summer,Bayesline,"New York, NY, USA","Sebastian Janisch, Misha van Beek","GPU-powered financial analytics suite for institutional investors, including hedge funds.","AI, Finance, Analytics, GPU",https://bayesline.com,,
Summer,BeeBettor,"San Francisco, CA, USA","Jordan Murphy, Matthew Wolfe",Simplifies sports betting research and placing bets in one platform.,"SportsTech, Betting, AI",https://beebettor.com,,founders@beebettor.com
Summer,Benchify,"San Francisco, CA, USA","Juan Casta?o, Max von Hippel",AI-powered code review tool that rigorously tests code using advanced engineering techniques.,"AI, Code Review, Developer Tools, Automation",https://www.benchify.com,,hello@benchify.com
Summer,Biocartesian,"San Francisco, CA, USA","Ian Dardani, Jess Li",Combines microscopy and new chemistries for better disease biology insights and therapeutic approaches.,"Biotech, AI, Healthcare",https://biocartesian.com,,interested@biocartesian.com
Summer,Blast,"San Francisco, CA, USA","Arnav Joshi, Daniel Zamoshchin",AI platform for building safe and compliant LLM apps.,"AI, DevTools, Compliance",https://blastsec.com,,founders@blastsec.com
Summer,Blaze,"Mexico City, CDMX, Mexico","Faiyam Rahman, Luc Succ?s, Igor Zagnienski",Global platform for cross-border payments.,"FinTech, Payments, Cross-Border",https://blaze.money,https://www.youtube.com/watch?v=50MMF87m3ZM,founders@blaze.money
Summer,Brighterway,N/A,"Walker Wells, Jason Apostol",AI platform to assist physicians in reviewing medical records for medlegal exams.,"HealthTech, AI, MedLegal",https://www.brighterway.ai/,,
Summer,Bucket Robotics,"Pittsburgh, PA, USA","Matt Puchalski, Steph Wolski",Defect detection for manufacturing using CAD and synthetic data.,"Manufacturing, Robotics, AI",https://bucket.bot,,matt@bucket.bot
Summer,Callback,"San Francisco, CA, USA","Alan Xie, Paulo Bautista","AI-native business process outsourcing for tasks like invoice processing, PDF parsing, and data labeling.","AI, BPO, Automation, Data Labeling",https://getcallback.ai,,founders@getcallback.ai
Summer,camfer,"San Francisco, CA, USA","Keaton Elvins, Roth Vann",AI mechanical engineer that collaborates with humans on 3D design tasks within CAD platforms.,"AI, Engineering, CAD, Collaboration",https://www.camfer.dev/,,
Summer,Capitol AI,"Washington, DC, USA","Shaun Modi, Thomas Hallaran",AI API/SDK automating research and content creation processes for enterprise clients.,"AI, Research, Content Creation, Enterprise",https://www.capitol.ai/,https://youtu.be/SFymrPfE-nk,contact@capitolai.com
Summer,CardLift,"Mountain View, CA, USA",Rithwik Pattikonda,Platform to help credit card issuers increase wallet share and optimize online purchases.,"AI, Finance, Credit Cards, E-commerce",https://withcardlift.com,https://cardvaultco.com/demo,
Summer,Cartage,"San Francisco, CA, USA","Abdul Basharat, Josh Lampen, Harman Sahota",Automation system for freight brokers and 3PLs to streamline repetitive tasks.,"Logistics, Automation, FreightTech",N/A,,
Summer,Central,"San Francisco, CA, USA","Josh Wymer, Pranav Kashyap, Nilay Modi","Streamlines administrative tasks like payroll, benefits, and government filings for founders.","AI, Payroll, Benefits, Administration",https://centralhq.com,https://d10fsmwl1qezvx.cloudfront.net//1719287776955/Bookface%20Demo.gif,subcentral@schools.nyc.gov
Summer,Cerulion,"San Francisco, CA, USA","Se Hwan Jeon, Lakshay Sharma",Open-source operating system for robots with cross-platform GUI communication.,"Robotics, Open Source, OS",https://www.cerulion.com,,founders@cerulion.com
Summer,Cheers,"San Francisco, CA, USA",Dylan Allen,"Operating system for in-person businesses, streamlining operations like Apple Store experiences for local services.","AI, Business OS, In-person Services, Automation",https://cheersreviews.com/,https://youtu.be/yfW_QonAPEE,team@cheers.reviews
Summer,ClaimSorted,"London, UK","Pavel Gertsberg, German Mikulski",Outsourced claim management solution for insurance companies.,"AI, Insurance, Claims, Outsourcing",https://claimsorted.com,,founders@claimsorted.com
Summer,Clara,"San Francisco, CA, USA","Jon Levinson, Ian Gillis",Home care marketplace connecting families with caregivers.,"AI, Healthcare, Home Care, Marketplace",https://www.clarahomecare.com/,,yc@clarahomecare.com
Summer,Clearly AI,"Seattle, WA, USA","Emily Choi-Greene, Joe Choi-Greene","Automates software security and privacy reviews with AI, ensuring compliance with industry standards.","AI, Security, Compliance, Software",https://clearly-ai.com,,
Summer,Codes Health,"New York, NY, USA","Cody Durr, Austin Mills, Alvaro Rivera","Automates patient record collection for providers, compiling documents from EHRs, faxes, and other sources.","AI, Healthcare, EHR, Automation",https://www.getcodeshealth.com/,,
Summer,CodeViz,"San Francisco, CA, USA","Liam Prevelige, Will McCall",Generates interactive codebase maps to help engineers navigate and understand complex software systems.,"AI, Developer Tools, Code Navigation, Productivity",https://www.codeviz.ai/,,liam@codeviz.ai
Summer,Comfy Deploy,"San Francisco, CA, USA","Nicholas Kao, Benny Kok",Enables developers to build and deploy workflows using Stable Diffusion and other AI models for image/video creation.,"AI, Workflow Automation, Image Generation, Video",https://www.comfydeploy.com,,founders@comfydeploy.com
Summer,Conductor Quantum,"San Francisco, CA, USA","Brandon Severin, Joel Pendleton",AI software creating qubits for semiconductor-based quantum computing.,"AI, Quantum Computing, Semiconductors",https://www.conductorquantum.com,,founders@conductorquantum.com
Summer,Conveo,"San Francisco, CA, USA","Dieter De Mesmaeker, Ben De Smet, Hendrik Van Hove",Automates the process of conducting and analyzing qualitative research using AI.,"AI, Research, Automation",https://conveo.ai/,https://www.youtube.com/watch?v=dDStJXSFuCo,hello@conveo.ai
Summer,Corgi,"San Francisco, CA, USA","Nico Laqua, Ryan McGregor, Emily Yuan","AI streamlining insurance purchasing, underwriting, support, and claims processing.","AI, Insurance, Underwriting, Claims",https://www.corgi.insure/,,contact@corgi.insure
Summer,Corpdaq,"Singapore, Singapore","Hendra Kwik, Inas Luthfi",Lending platform using LLMs to assess businesses' creditworthiness in South East Asia.,"FinTech, Lending, AI",https://corpdaq.com,,founders@corpdaq.com
Summer,Coval,"San Francisco, CA, USA",Brooke Hopkins,AI platform simulating and evaluating agents for dependable multi-modal assistants.,"AI, Agents, Simulation, Evaluation",https://coval.dev,,brooke@coval.dev
Summer,Cracked,"San Francisco, CA, USA","Kelly Lu, Anirudh Rahul",Enables users to create animations using intuitive text prompts.,"AI, Animation, Text Prompts, Creativity",https://www.cracked.so/,https://youtu.be/10lKrvFcASc,founders@cracked.so
Summer,Dataleap,"San Francisco, CA, USA","Jan Damm, Jan-Hendrik Ruettinger",AI assistant for market research with a curated database and chat-based interface.,"AI, Market Research, Analytics",https://dataleap.ai/,,jan.damm@dataleap.ai
Summer,David AI,"San Francisco, CA, USA","Tomer Cohen, Ben Wiley",Provides data for multimodal AI applications.,"AI, Data, Multimodal",https://www.withdavid.ai/,,
Summer,Decisional AI,"San Francisco, CA, USA","Sai Neeraj Kanuri, Adit Sanghvi, Dhruv Tandon","AI-powered financial analyst for private market investors, pulling data from various sources.","AI, Finance, Private Markets, Data Analysis",https://www.getdecisional.ai/,https://youtu.be/Wu_CIqBwGW8,founders@getdecisional.ai
Summer,deepsilicon,"San Francisco, CA, USA","Alexander Nanda, Abhinav Reddy",Develops software and hardware to run neural networks faster and cheaper.,"AI, Hardware, Neural Networks",https://www.deepsilicon.net/,,founders@deepsilicon.net
Summer,DeepSim,"Mountain View, CA, USA","Connor McClellan, Alexander Gabourie, Chuck Koroglu",AI-powered physics simulation platform offering ultra-scalable and fast simulations.,"AI, Physics, Simulation, Scalable Tech",https://www.deepsim.io,,contact@deepsim.com
Summer,DigitalCarbon,"San Francisco, CA, USA","Michael Nguyen, Guru Rao","AI transforming photos and videos into interactive, photorealistic 3D environments.","AI, 3D Rendering, Media, Interactive",https://www.getcarbon.co/,https://youtu.be/c2Pw63zE94I,founders@digitalcarbon.ai
Summer,Dimely,"San Francisco, CA, USA","David Pang, Peter Sun","Automates billing workflows for B2B SaaS teams, integrating with existing tech stacks for immediate results.","AI, Billing, Workflow Automation, SaaS",https://dimely.co/,https://youtu.be/R4-414M5Wmk,
Summer,Diode Computers,"New York, NY, USA","Davide Asnaghi, Lenny Khazan",Automates circuit board design and ordering process for engineers.,"Engineering, AI, Automation",https://diode.computer,https://www.youtube.com/watch?v=aOoG2gl8wdY,contact@diodecomputers.com
Summer,Distro,"New York, NY, USA",Jason Sullivan,AI co-pilot for sales reps at industrial wholesale distributors.,"AI, SalesTech, Wholesale",https://distro.app,,
Summer,dmodel,"San Francisco, CA, USA","Daniel Moon, Anish Tondwalker",Allows real-time manipulation of AI model responses without retraining the entire model.,"AI, Model Tuning, Real-Time Responses",https://www.dmodel.ai,,
Summer,Dodo,"San Francisco, CA, USA","Dominik Moehrle, Julius Hillebrand, Tim Reinhart",Automates front desk reception tasks for medical offices.,"AI, Healthcare, Reception, Automation",https://www.dodo.health/,,founders@dodo.health
Summer,Domu Technology Inc.,"San Francisco, CA, USA","Nicolas Diaz, Camila Zancanella",AI automating debt collection calls for banks using generative AI.,"AI, Debt Collection, Banks, Automation",https://www.domu.ai/,https://youtu.be/iL33XwXo77s,nicolas@domu.ai
Summer,DreamRP,"San Francisco, CA, USA","Nina Hu, Phillip Huang",Platform combining Character AI and Patreon for content creators.,"AI, Creator Tools",https://www.dreamrp.com/,,founders@dreamrp.com
Summer,Driftly,"San Francisco, CA, USA","Toby Hirsch, Victor Lin","Uses AI to optimize routes for home health clinicians, increasing productivity and reducing travel time.","AI, Healthcare, Route Optimization, Productivity",https://driftly.ai,,info@driftly.ai
Summer,Drillbit,"Austin, TX, USA","Liam Osler, Alexander Seutin","Automates administrative and operational workflows for home service businesses, focusing on quoting from job request through payment.","AI, Workflow Automation, Residential Services",http://www.drillbit.com,https://youtu.be/bTIP5pk-Ldo,contact@drillbit.com
Summer,Educato AI,"San Francisco, CA, USA","Felix Gabler, Codrut Lemeni, Pierre-Louis Monnot",AI-powered global exam-prep platform.,"AI, Education, Exam Preparation, Global Platform",https://www.educato.ai/,,founders@educato.ai
Summer,Elayne,"Denver, CO, USA","Adria Ferrier, Jacob Grafenstein",AI-powered estate planning and settlements for families.,"LegalTech, AI, Estate Planning",https://www.elayne.com/,https://www.youtube.com/watch?v=UH8_L0xEq9Q,
Summer,Elevate,"New York, NY, USA","Scott Cara, Angelica Schwartz",Financial infrastructure designed specifically for AI agents.,"AI, Finance, Infrastructure, Automation",https://www.useelevate.dev/,,hello@useelevate.dev
Summer,Ember Robotics,"San Francisco, CA, USA","Shivani Mouleeswaran, Ritika Shrivastava",Hardware observability layer for autonomous robots focusing on camera diagnostics.,"Robotics, Hardware, Diagnostics",https://emberrobotics.com,,founders@emberrobotics.com
Summer,Entangl,"San Francisco, CA, USA","Shapol M, Antanas Zilinskas","AI solution for error-free, end-to-end automation of hardware design processes.","AI, Hardware, Automation, Design",https://www.entangl.ai/,,info@entangl.ai
Summer,et al,"San Francisco, CA, USA","Marie van der Klink, Carine Fattal","Aggregates newsletters, research papers, and articles into one mobile app powered by LLMs.","AI, LLM, Content Aggregation, Mobile App",https://www.et-al.io,https://youtu.be/Xeo4__9gtMY,founders@et-al.io
Summer,Evolvere BioSciences,"Oxford, UK","Piotr Jedryszek, Weronika Slesak, Adam Winnifrith",Develops next-gen antibiotics that target harmful bacteria without harming beneficial microbes or human cells.,"AI, Biotechnology, Antibiotics, Healthcare",https://www.evolverebiosciences.com/,https://youtu.be/a9a-2xGpmS4,founders@evolverebiosciences.com
Summer,Exa Laboratories,"San Francisco, CA, USA","Elias Almqvist, Prithvi Raj",Develops energy-efficient AI chips faster and more efficient than GPUs/TPUs.,"AI, Hardware, Semiconductors",https://exalaboratories.com,,founders@exalaboratories.com
Summer,expand.ai,"San Francisco, CA, USA",Tim Suchanek,Instantly converts any website into a type-safe API for reliable integration.,"AI, API, Web Development, Integration",https://expand.ai/,,info@expand.ai
Summer,Fazeshift,"San Francisco, CA, USA","Caitlin Leksana, Timmy Galvin",AI agent automating accounts receivable processes.,"AI, Finance, Accounts Receivable, Automation",https://www.fazeshift.com/,,sales@fazeshift.com
Summer,Felafax,"San Francisco, CA, USA","Nithin Sonti, Nikhil Sonti","AI infrastructure optimized for non-NVIDIA GPUs, offering 2X cost efficiency and seamless orchestration.","AI, Infrastructure, GPUs, Cost Efficiency",https://felafax.ai,https://www.ycombinator.com/media/?type=post&id=82653&key=user_uploads/1765/d34757cd-a366-4dcb-9491-0d03f46520a7,founders@felafax.ai
Summer,Ficra,"San Francisco, CA, USA","Omar El-Sadany, Mohammed Abid","Real-time visual map of user journeys in and outside a product, offering AI-powered insights into marketing and product funnels.","AI, Marketing, User Journey, Data Analysis",https://ficra.ai/,,founders@ficra.ai
Summer,FINNY AI,"New York, NY, USA","Eden Ovadia, Theodore Janson",Machine learning to accelerate organic growth for financial advisors.,"AI, Finance, Growth, ML",https://www.finnyai.com/,,founders@finnyai.com
Summer,Finosu,"San Francisco, CA, USA","Mark Ricciardi, Gabriel Vincent Kho",AI platform that keeps lenders compliant with the latest regulations.,"AI, Compliance, FinTech",https://www.finosu.com,,mark@finosu.com
Summer,FirstWork,"San Francisco, CA, USA","Shubham Choudhary, Vardhan Kapoor","Next-gen HR platform for dynamic workforce needs, streamlining and automating HR processes.","AI, HR, Workforce, Automation",https://www.firstwork.com,,vardhan@firstwork.com.
Summer,Flyflow,"San Francisco, CA, USA","Carl Cortright, Pritee Tembhekar",AI workflow solution helping companies find prospective customers by analyzing data.,"AI, Workflow Automation, Sales, Lead Generation",https://flyflow.ai,,
Summer,Focal,"San Francisco, CA, USA","Ray Morgan, Katia Bazzi",AI-powered compliance operations for banks and fintechs.,"AI, Compliance, Fintech, Banking",https://usefocal.ai,,
Summer,Focus Buddy,"San Francisco, CA, USA","Yash Ramchandani, Adnan Sherif",AI-powered productivity coach to help individuals improve focus.,"AI, Productivity, Coaching",https://www.focusbuddy.ai/,,founders@focusbuddy.ai
Summer,Formula Insight,"New York, NY, USA","Stefan Raghavan, Will Tong",Central repository for tracking financial models and forecasting changes for investors.,"AI, Finance, Modeling, Forecasting",https://www.formulainsight.io/,,founders@formulainsight.io
Summer,Fortress,"San Francisco, CA, USA","David Chu, Will Hopkins",SaaS orchestration platform for managing multi-instance database architecture in the cloud.,"AI, SaaS, Database, Cloud Computing",https://fortress.build/,,
Summer,Freestyle,"San Francisco, CA, USA","Benjamin Swerdlow, Jacob Zwang",TypeScript native cloud development platform.,"Cloud Development, TypeScript, Software Development",https://www.freestyle.sh/,,
Summer,Fuse,"London, UK","Sho Sugihara, Oscar Wilsby",AI analyzing contracts and payments for healthcare providers to detect underpayments and boost revenue.,"AI, Healthcare, Contracts, Payments",http://www.fuseinsight.com,,founders@fuseinsight.com
Summer,Gauge,"San Francisco, CA, USA","Caelean Barnes, Evan Doyle","Open-source tools to address microservices vs. monolith dilemma, enabling modular monoliths.","AI, Software Development, Open-Source, Architecture",https://gauge.sh,,
Summer,Genie,"Lake Oswego, OR, USA","Asa Miller, Darius ""Bubs"" Monsef",Conversational AI sidekick designed for kids.,"AI, Conversational AI, Kids, Education",http://www.genie.gg,,contact@genie.com
Summer,Glasskube,"Vienna, Austria","Louis Weston, Philip Miglinci","Next-gen package manager for Kubernetes featuring GUI, CLI, GitOps readiness, and auto-updates.","AI, Kubernetes, Package Manager, Automation",https://glasskube.dev/,https://youtu.be/aIeTHGWsG2c,
Summer,Guardian AI,"New York, NY, USA","Mayank Jain, Pranav Pillai",AI platform to automate insurance claim denials management for healthcare providers.,"AI, HealthTech, InsurTech",https://www.withguardian.ai/,,founders@withguardian.ai
Summer,Guardian RF,"San Francisco, CA, USA","John Andrzejewski, Eli Kerstein, Lucas Raskin",Drone detection and signal intelligence for U.S. defense.,"DefenseTech, DroneTech, Signal Intelligence",https://guardianrf.com,,
Summer,Hamming AI,"San Francisco, CA, USA","Marius Buleandra, Sumanyu Sharma",Automates testing for AI voice agents.,"AI, Voice Agents, Testing, Automation",https://hamming.ai/,,sumanyu@hamming.ai
Summer,Haystack Software,"San Francisco, CA, USA","Jake Yatvitskiy, Akshay Subramaniam",Code editor with 2D navigation and a copilot to assist engineers.,"DevTools, AI, Productivity",https://haystackeditor.com/,https://www.youtube.com/watch?v=c2uZnR5D_cc,
Summer,Helium,"San Francisco, CA, USA","Zach Witzel, Anish Doshi, Shishir Jakati",No-code platform for mobile companies to personalize upsell flows and paywall experiences using AI.,"AI, No-Code, MobileTech",https://tryhelium.com,,founders@tryhelium.com
Summer,Henry,"New York, NY, USA","Sammy Greenwall, Adam Pratt","AI copilot for commercial real estate brokers, integrating internal and external data for presentations and financial modeling.","AI, Real Estate, Financial Modeling, Brokers",http://www.henry.ai,https://www.youtube.com/watch?v=jZm40bj5mL0,sammy@henry.ai
Summer,Hestus,"San Francisco, CA, USA","Sohrab Haghighat, Kevin Chu",AI-powered CAD software automating mundane design processes for hardware development.,"AI, CAD, Hardware Development, Automation",https://www.hestus.co,,
Summer,Hey Revia,"San Francisco, CA, USA","Shaun Wei, David (Wenbo) Zhu",AI-powered call assistant for healthcare providers.,"AI, Healthcare, Call Assistant, Automation",https://heyrevia.ai,https://youtu.be/evyXgLBaphQ,founders@heyrevia.ai
Summer,Honeycomb,"San Francisco, CA, USA","Ishank Agrawal, Andrew Liu",Software debugging tool to solve problems faster within distributed services.,"AI, Debugging, Distributed Systems, Software Development",https://honeycomb.sh/,https://youtu.be/d1GbrDuLug4,
Summer,ideate.xyz,"San Francisco, CA, USA","Jasper Jia, Elliott Thompson",AI design co-pilot for content creators.,"AI, Design, Content Creation, Productivity",https://ideate.xyz,,founders@ideate.xyz
Summer,Intryc,"San Francisco, CA, USA","Alex Marantelos, Dimitrios Ilias",AI tool for automating quality assurance in customer support.,"AI, QA, Customer Support",https://www.intryc.com,https://www.youtube.com/watch?v=eqIx1bnzEGk,alex@intryc.com
Summer,Ionworks,"San Francisco, CA, USA","Valentin Sulzer, Rob Timms",Accelerates battery R&D through virtual prototyping combining software and electrochemical modeling.,"CleanTech, Energy, R&D",https://www.ionworks.com,,info@ionworks.com
Summer,Kairo Health,"New York, NY, USA","Jake Goldman, Ajay Vasisht",AI agents delivering patient care at lower costs.,"HealthTech, AI, Automation",https://trykairo.com/,https://www.youtube.com/watch?v=YWggFP3CRAo,founders@trykairo.com
Summer,Kart AI,"San Francisco, CA, USA","Gordon Chi, Rez Havaei",Builds customized AI shopping assistants for e-commerce brands to improve product discovery and customer experience.,"AI, E-commerce, Shopping Assistant, Customer Experience",https://kart.ai,,founders@kart.ai
Summer,Kastle,"San Francisco, CA, USA","Rishi Choudhary, Nitish Poddar","Managed security solutions, including access control and video surveillance, for over 10,000 companies globally.","AI, Security, Surveillance",https://kastle.ai/,https://youtu.be/iOe4LQuf7u8,rishi@kastle.ai
Summer,Keet,"San Francisco, CA, USA","Zack Ashen, Tommy Tsai",Provides APIs to connect and manage customer accounts across websites.,"API, DevTools, Automation",https://trykeet.com,,
Summer,Kontigo,"San Francisco, CA, USA","Jesus Alberto Castillo Ferrer, Gino Guatavita",USDC-smart neobank designed for Latinos in the U.S. and Latin America.,"FinTech, Neobank, Latino Market",https://kontigo.lat/,,founders@kontigo.lat
Summer,Kopra Bio,"San Francisco, CA, USA","Andrew Bartynski, Alexander Haddad",Develops genetically engineered viruses to train the immune system to target and kill cancer cells.,"AI, Biotechnology, Healthcare, Cancer Research",https://kopra.bio,,founders@kopra.bio
Summer,Kura,"San Francisco, CA, USA","Mark Dawson, Trevor Reed",AI-driven incident response and cloud optimization tool integrated with services like AWS.,"AI, Cloud Optimization, Incident Response, AWS",https://www.usekura.com,,founders@usekura.com
Summer,Laminar AI,"San Francisco, CA, USA","Robert Kim, Din Mailibay, Temirlan Myrzakhmetov",Open-source developer platform for LLM applications with event-based analytics.,"AI, Open Source, DevTools",https://www.lmnr.ai/,,
Summer,LedgerUp,"San Francisco, CA, USA","Joseph Johnson, Bailey Spell","Automates back-office finance tasks, including bookkeeping and reporting, with integrations into email and Slack.","AI, Finance, Automation, Reporting",https://ledgerup.ai/,,joe@ledgerup.ai
Summer,Lighthouz AI,"San Francisco, CA, USA","Srijan Kumar, Sonali Pattnaik","AI assistants for procurement teams handling supplier communication, contract negotiations, and more.","AI, Procurement, Automation, Enterprise Software",https://lighthouz.ai/,,srijan@lighthouz.ai
Summer,Ligo Biosciences,"San Francisco, CA, USA","Emily Egerton-Warburton, Arda Goreci, Edward Harris",Uses deep learning to design novel enzymes for cheaper and more sustainable chemical manufacturing.,"AI, Deep Learning, Enzymes, Chemical Manufacturing",https://www.ligo.bio,https://youtu.be/_V758AisYS8,ed@ligo.bio
Summer,Lilac Labs,"San Francisco, CA, USA","Tony Kam, Shelden Shi",Automates order-taking at drive-thrus using voice AI.,"AI, Automation, FoodTech",https://www.drive-thru.ai/,,tony@lilaclabs.ai
Summer,Lumen Orbit,"Redmond, WA, USA","Ezra Feilden, Philip Johnston, Adi Oltean",Builds sustainable data centers in space using solar energy and passive cooling.,"SpaceTech, Data Centers, Sustainability",https://www.lumenorbit.com/,,info@lumenorbit.com
Summer,Lumenary,"San Francisco, CA, USA","Vivek Hazari, Daniel DiPietro, Ziray Hao",Automates healthcare quality reporting processes using AI to ensure accuracy and compliance.,"AI, Healthcare, Reporting, Compliance",https://lumenary.com,,info@lumenary.com
Summer,MagiCode,"Stanford, CA, USA","Jeff He, Anirudh Sriram",AI pair programmer that anticipates developer actions and assists in real-time coding processes.,"AI, Developer Tools, Programming, Productivity",https://www.magicode.ai/,https://www.youtube.com/watch?v=EPM_eOL8BRE,hello@magicode.ai
Summer,Maitai,"San Francisco, CA, USA","Christian DalSanto, Ian Hoegen","AI tool to build reliable AI applications with LLM load balancing, autocorrecting outputs, and creating app-specific models.","AI, LLM, Load Balancing, Application Development",https://trymaitai.ai,,founders@trymaitai.ai
Summer,Manaflow,"San Francisco, CA, USA","Lawrence Chen, Wesley Tjangnaka, Austin Wang","Automates workflows for operation managers, focusing on data analysis and business actions using AI.","AI, Workflow Automation, Operations",https://manaflow.ai,https://www.youtube.com/watch?v=9GsBHG3zm_I,
Summer,mdhub,"San Francisco, CA, USA","Dominik Middelmann, Efren A. Lamolda",AI assistants helping mental health clinics streamline operations.,"AI, Healthcare, Mental Health, Operations",https://mdhub.ai,,founders@mdhub.ai
Summer,Melty,"San Francisco, CA, USA","Jackson de Campos, Charlie Holtz",Open-source AI-powered chat-based code editor that supports developers from terminal to GitHub.,"DevTools, AI, Open Source",https://melty.sh,https://www.loom.com/share/f0e7ae2644e6492ab9e9352fbd14ae8d?sid=b5d497cd-65f4-47ca-955a-73332d8edc4d,founders@melty.sh
Summer,Mem0,"San Francisco, CA, USA","Taranjeet Singh, Deshraj Yadav","Memory layer for LLM applications, enabling retention of interactions over time.","AI, LLM, Memory, Applications",https://mem0.ai/,https://youtu.be/VtRuBCTZL1o,taranjeet@mem0.ai
Summer,Merlin AI,"Los Angeles, CA, USA","Ayantika Dey, Sneha Kumari, Kumar Siddhartha",AI-powered ERP system for the construction industry.,"AI, ERP, Construction",https://www.merlinai.co,https://www.youtube.com/watch?v=hsk_ZvI40JI,snehak@merlinai.co
Summer,Merse,"San Francisco, CA, USA","Mark Rachapoom, Kumar Abhirup",AI-powered medium for creating interactive visual stories such as comics with added voices and sound effects.,"AI, Comics, Media, Interactive Stories",https://merse.co,https://www.youtube.com/watch?v=uidjDsilxms,hey@merse.co
Summer,Mica AI,"San Francisco, CA, USA","Achyuta Iyengar, Bharadwaj Swaminathan, Jai Yarlagadda","AI agents that automate B2B sales calls, generate collateral, and follow up with customers.","AI, B2B Sales, Automation, Lead Generation",https://usemica.com/,https://www.youtube.com/watch?v=xIHwwnYKj5o,
Summer,Midship,"San Francisco, CA, USA","Aahel Iyer, Max Maio, Kieran Taylor","Automates data entry, extraction, search, and analysis from various document types.","Automation, Data Processing, AI",https://midship.ai/,,founders@midship.ai
Summer,Mindely,"San Francisco, CA, USA","Joseph Thalinjan, Sasha Collin, Alix Maurin, Cl?ment Nguyen",AI interviewer for conducting complex business interviews.,"AI, HRTech, Interviews",http://www.mindely.ai,https://www.youtube.com/watch?v=78dbwGMfCyo,founders@mindely.ai
Summer,Mineflow,"San Francisco, CA, USA",Ryan Goggins,AI-powered tool for predicting the shape and location of mineral deposits.,"AI, Mining, Geology",http://mineflow.ai/,,
Summer,MinusX,"San Francisco, CA, USA","Vivek Aithal, Sreejith Puthanpurayil, Arpit Saxena",Chrome extension that automates data analysis tasks in Jupyter and Metabase by operating apps via clicking and typing.,"AI, Automation, Data Analysis, Extensions",https://minusx.ai,https://youtu.be/lcO9XGofW40,vivek@minusx.ai
Summer,Miru,"San Francisco, CA, USA","Vedant Nair, Benjamin Smidt, Armel Talla",Automates software deployment and management for robots and IoT devices at scale.,"AI, Robotics, IoT, Software Deployment",https://www.miruml.com/,https://youtu.be/N0N6R5Gtjx4,
Summer,Mito Health,"San Francisco, CA, USA","Teeming Chew, Joel Kek, Kenneth Lou, Ryan Ware",AI-powered concierge doctor offering personalized health plans based on biomarker analysis.,"AI, Healthcare, Concierge Medicine, Biomarker Analysis",https://mitohealth.com/,,
Summer,Modern Realty,"San Francisco, CA, USA","Raffi Isanians, Raymond Xu",AI-driven real estate platform for buying homes without a realtor.,"PropTech, AI, Real Estate",https://modernrealty.io,,
Summer,Modus,"New York, NY, USA",Lin Ling,AI solution for optimizing workforce costs during company scaling.,"AI, Workforce Management, Cost Optimization",https://himodus.com,,lin@himodus.com
Summer,Moonglow,"San Francisco, CA, USA","Leila Clark, Trevor Chow",Connects local Jupyter notebooks to remote cloud compute environments.,"AI, Cloud Computing, Jupyter, Remote Work",https://moonglow.ai,,trevor@moonglow.ai
Summer,Moreta,"San Francisco, CA, USA","Walid Mahd, Sam Yu",Simplifies payments for international travelers using a secure QR code wallet.,"FinTech, Payments, TravelTech",https://moretapay.com,,
Summer,NetworkOcean,"San Francisco, CA, USA","Eric Kim, Sam Mendel",Builds and operates underwater data centers to enhance power efficiency.,"AI, Data Centers, Underwater, Energy Efficiency",https://networkocean.io/,,founders@networkocean.io
Summer,Neuralize,"San Francisco, CA, USA","Ivan Chan, Ciar?n O' Rourke, Ismail Salim","Provides a single interface for model compression, benchmarking, and performance optimization for different end-user devices.","AI, Model Compression, Benchmarking, Performance Optimization",https://runlocal.ai,,founders@runlocal.ai
Summer,Odo,"New York, NY, USA","Yooni Ahn, Andrew Wagner",AI platform to assist companies in winning government contracts.,"AI, GovTech, Compliance",https://www.odo.do/,,founders@odo.do
Summer,Offstream,"San Francisco, CA, USA","Varsha, Zach",Supports carbon project developers by optimizing workflows and unlocking new revenue through carbon markets and compliance schemes.,"AI, Carbon Projects, Compliance, Revenue Optimization",https://www.useoffstream.com/,https://youtu.be/YrXj7POfO30,hello@useoffstream.com
Summer,Olive Legal,"San Francisco, CA, USA","Sam Damashek, Greg Volynsky",Summarizes client medical records for personal injury lawyers using AI.,"AI, LegalTech, Medical Records",https://olive.legal,,
Summer,omnidock,"Berlin, Germany","Christian Kohrs, Sebastian R?dling, Shayan Zakerzadeh","OS for global e-commerce expansion, managing marketplace sales and transactions.","eCommerce, Logistics, Global Expansion",https://www.omnidock.com,,founders@omnidock.com
Summer,Ontra Mobility,"New York, NY, USA","Anthony Trasatti, Connor Riley",Data-driven planning and real-time optimization to increase transit agency ridership.,"AI, Transit, Data Analytics, Optimization",https://www.ontramobility.com,https://www.youtube.com/watch?v=B-RyHtEurVk,founders@ontramobility.com
Summer,Opslane,"San Francisco, CA, USA","Abhishek Ray, Amaresh Ray",Open-source tool to improve on-call processes and learn from incidents.,"DevOps, AI, Open Source",https://opslane.com,,founders@opslane.com
Summer,OrgOrg,"Los Altos, CA, USA",Wayne Crosby,Suite of apps keeping teams productive and healthy.,"AI, Productivity, Team Management, Health",https://orgorg.us,,wayne@orgorg.us
Summer,Outerport,"San Francisco, CA, USA","Towaki Takikawa, Allen Wang","Rust-based registry for model weights, enabling companies to deploy AI models on their infrastructure with hot swaps and optimize GPU utilization.","DevTools, Infrastructure, AI Models",https://www.outerport.com/,https://www.youtube.com/watch?v=YoA2elVvo_o,founders@outerport.com
Summer,Overlap,"San Francisco, CA, USA","Jonathan Baer, Buzz Rubenstein, Casey Traina",AI-powered tool to analyze and search through video and audio content.,"AI, Search, Video, Audio Analysis",https://www.joinoverlap.com/,https://www.youtube.com/watch?v=I6zmakEoXKU&ab_channel=JonathanBaer,founders@capitol.ai
Summer,Overstand Labs,"Brooklyn, NY, USA","Senta Knuth, Mihir Patil",Helps enterprise software teams identify contract expansion opportunities by analyzing customer communications.,"AI, Sales, Communication, SaaS",https://overstandlabs.com,,founders@overstandlabs.com
Summer,Oway,"San Francisco, CA, USA",Phillip Nadjafov,Ridesharing freight solution using ML to reduce SMB shipping costs by 50%.,"Logistics, AI, Transportation",https://www.oway.io,,
Summer,Paasa,"San Francisco, CA, USA","Nitish Sahni, Sparsh Sharma",Provides high-net-worth individuals in emerging markets globally diversified portfolios.,"FinTech, Wealth Management, Emerging Markets",https://paasa.com,,founders@paasa.co
Summer,Palmier,"San Francisco, CA, USA","Marcos Rico Peng, Harrison Tin",AI-powered GitHub alternative that automates the creation of concise descriptions for code changes.,"AI, DevTools, Open Source",https://palmier.io,,founders@palmier.io
Summer,Panora,"San Francisco, CA, USA","Rachid Flih, Nael Ould Belkacem",Data integration API for connecting enterprise data tools seamlessly.,"API, Data Integration, Enterprise Software",https://panora.dev/,,
Summer,pap!,"Berkeley, CA, USA","Kamal Nahas, Anthony Rassi, Weijie Wang","Automates refunds for consumers when shopping, flying, traveling, and more.","FinTech, Automation, ConsumerTech",https://joinpap.com/,,founders@joinpap.com
Summer,Parahelp,"San Francisco, CA, USA","Anker Ryhl, Mads Liechti",AI support agent that resolves customer support tickets end-to-end by leveraging knowledge and tools.,"AI, Customer Support, Automation, End-to-End Solutions",https://parahelp.com/,,
Summer,Parity,"San Francisco, CA, USA","Coleman Smith, Wilson Spearman, Jeffrey Tsaw",World's first AI-powered Site Reliability Engineer (SRE) improving system reliability.,"AI, SRE, System Reliability, Automation",https://tryparity.com,,founders@tryparity.com
Summer,Parley,"San Francisco, CA, USA","Ian Edwards, Jackson Perry, Philip Smart",AI tool that helps immigration lawyers write visa applications faster.,"AI, LegalTech, Immigration",https://parley.so,,founders@parley.so
Summer,Passage,"San Francisco, CA, USA","Terrell Marshall, Aditya Nadkarni",AI copilot assisting businesses in customs clearance for imported goods.,"AI, Customs, Imports, Business Automation",https://www.trypassage.com/,,
Summer,Patched,"San Francisco, CA, USA","Rohan S, Asankhaya Sharma","AI-assisted workflows for post-code tasks like documentation, code reviews, and security patching.","AI, Workflow Automation, Code Reviews, Security",https://patched.codes,,contact@patched.codes
Summer,Patchwork Technologies,"San Francisco, CA, USA","Ben Hall, Sam Kramer, Alex Maass",AI-powered logging and observability platform automating structured logging to improve reliability.,"AI, Logging, Observability, Automation",https://getpatchwork.io,https://youtu.be/70Pnfu8HHHQ,founders@getpatchwork.io
Summer,PathPilot,"San Francisco, CA, USA","Vladimir Korshin, Victor Laguna",AI-powered customer experience platform that extracts insights from session replays.,"AI, Customer Experience, Analytics",https://www.getpathpilot.com/,,founders@getpathpilot.com
Summer,Pax,N/A,"Penny Chen, Chris Le",AI-driven platform for automating import regulation compliance.,"AI, Compliance, TradeTech",https://getpaxai.com/,https://youtu.be/UkJRXpiqLTo,founders@getpaxai.com
Summer,Pharos,"San Francisco, CA, USA","Felix Brann, Matthew Jones",AI automating hospital reporting and preventing patient harm.,"AI, Healthcare, Reporting, Patient Safety",https://pharos.health/,,felix@pharos.health
Summer,Phonely,"San Francisco, CA, USA","Will Bodewes, Nisal Ranasinghe","AI-powered ""vocal twin"" using call recordings to handle customer support calls.","AI, Customer Support, Voice, Call Automation",https://phonely.ai,https://www.youtube.com/watch?v=djG8ZJShquk,hello@phonely.com
Summer,Pinnacle,"San Francisco, CA, USA","Sean Roades, Ivan Zhang",API for RCS (Rich Communication Services) allowing developers to create app-like text messages.,"API, SMS, Messaging",https://trypinnacle.app/,,founders@trypinnacle.app
Summer,Pipeshift,"San Francisco, CA, USA","Arko C, Enrique Ferrao",Fine-tuning and inferencing tool for open-source LLMs.,"AI, LLM, Open Source, Fine-tuning",https://pipeshift.com,https://youtu.be/z8z5ILyXxCI,founders@pipeshift.ai
Summer,Planbase,"San Francisco, CA, USA","Jack Light, Joe Shearman","Workforce management platform for modern healthcare, offering tools for planning, scheduling, and credentialing.","Healthcare, Workforce Management, Scheduling",https://www.joinplanbase.com/,,founders@joinplanbase.com
Summer,Plume,"San Francisco, CA, USA","Edouard Labarthe, Marc Watine, Jean-Baptiste de La Fage",AI-powered energy renovation assistant for real estate agents and contractors.,"AI, Energy, Real Estate, Renovation",http://www.plumefinder.com,,founders@plumefinder.com
Summer,Ply Health,"San Francisco, CA, USA","Samantha Wu, David Zhang",AI solution to help behavioral health providers get in-network with insurance companies.,"AI, Healthcare, Insurance, Behavioral Health",https://www.plyhealth.com,,hello@plyhealth.com
Summer,Poka Labs,"San Francisco, CA, USA","Andrew Bass, Malay Shah","AI automating operational tasks in chemical manufacturing, starting with production scheduling.","AI, Manufacturing, Automation, Chemical Industry",https://www.pokalabs.com/,,malay@pokalabs.com
Summer,Polymet,"San Francisco, CA, USA","Yusuf Hilmi, Furkan K?seo?lu",AI-driven design tool that converts ideas into prototypes with production-ready code.,"AI, Design, Prototyping",https://polymet.ai,https://www.youtube.com/watch?v=rYrkikCA8fw,
Summer,Praxos,"Miami, FL, USA","Soheil Sadabadi, Lucas Urbisaia","AI platform to automate insurance operations, including proposals and coverage comparisons.","InsurTech, AI, Automation",https://www.praxos.com,,lucas@praxos.ai.
Summer,Presti AI,"Paris, France","Nabil Toumi, Saad Bencherif, Hamza Bennis",AI-driven generative product photography for furniture companies.,"AI, eCommerce, Photography",https://preste.ai,,founders@presti.ai
Summer,ProhostAI,"San Francisco, CA, USA","Bill Ulammandakh, Andrew Lawson","AI assistant for Airbnb hosts, automating property management tasks.","AI, Property Management, Airbnb, Automation",https://www.prohost.ai/,,bill@prohost.ai
Summer,Promi,"San Francisco, CA, USA","Jiaxin Lin, Peter Moot","Optimizes merchant pricing with dynamic, personalized discounts using AI.","AI, E-commerce, Pricing, Discounts",https://www.usepromi.com/,,peter@usepromi.com
Summer,Propaya,"San Francisco, CA, USA","Jake Golas, Reader Wang",AI-powered software automating property management.,"AI, PropTech, Automation",https://www.propaya.com,,info@propaya.com
Summer,Proxis,"San Francisco, CA, USA","Liam Collins, Jackson Stokes","Platform for LLM distillation and serving, reducing costs for production-ready models.","AI, LLM, Cost Reduction, Model Serving",https://www.proxis.ai/,,founders@proxis.ai
Summer,Pulse AI,"San Francisco, CA, USA","Sid Manchkanti, Ritvik Pandey",AI-powered automation of procurement processes to reduce supply chain risk.,"AI, Procurement, Supply Chain, Risk Management",https://www.trypulse.ai,,founders@trypulse.ai
Summer,Quetzal,"Oakland, CA, USA","Brendan Agliardo, John Thompson",LLM-first translation and internationalization solution for software.,"AI, DevTools, Translation",https://getquetzal.com/,,john@getquetzal.com
Summer,Random Labs,N/A,"Mihir, Kiran",Builds fully open-source software agents.,"AI, Open Source, Agents, Software Development",N/A,,hello@randomlabs.ai
Summer,Rastro,"San Francisco, CA, USA","Augustin Baudoin, Baptiste Cumin, Papa Sougou Wele",AI-powered personal shopper for home decor.,"AI, eCommerce, Home Decor",https://rastro.sh,,
Summer,ReactWise,"San Francisco, CA, USA","Alexander Pomberger, Daniel Wigh","AI-driven automation of chemical process development, optimizing and executing experiments.","AI, Chemistry, Automation, Process Optimization",https://www.reactwise.com,,info@react-wise.com
Summer,Redouble AI,"San Francisco, CA, USA","Martin Bittner, Haotian Li, Andrey Santrosyan",Automated quality control for AI workflows in regulated industries.,"AI, Quality Control, Regulated Industries",https://redouble.ai,,founders@redouble.ai
Summer,Remade,"San Francisco, CA, USA","Christos Antonopoulos, Blendi Bylygbashi, Alex Matthews, Rehan Sheikh",Automates visual marketing workflows for lifestyle product brands.,"MarketingTech, AI, eCommerce",https://www.remade.ai/,https://www.youtube.com/watch?v=dkrZIN7KDD8,founders@remade.ai
Summer,Remo,"San Francisco, CA, USA","Rabii Malik, Hashim Rehman",AI solutions for automating compliance for banking teams.,"AI, Compliance, FinTech",http://getremo.ai,,rabii@getremo.ai
Summer,Rescript,"San Francisco, CA, USA","Nikhil Ajjarapu, Vincent Huang, Alexander Pesendorfer",AI regulatory compliance platform for tracking legal developments.,"AI, Compliance, LegalTech",https://rescript.ai/,,team@rescript.ai
Summer,RetroFix AI,"San Francisco, CA, USA","Isaac Toscano, Daniel Portela",Simplifies decarbonizing buildings by streamlining financial rebate processes for clean energy technologies.,"AI, Decarbonization, Clean Energy, Financial Rebates",https://www.retrofix.ai,https://www.youtube.com/watch?v=v2AUIvrsmmE,founders@retrofix.ai
Summer,Rewbi,"San Francisco, CA, USA","Thomas Marge, Derek Modzelewski",Uses AI to optimize grid-connected battery storage.,"AI, Energy, Battery Storage, Grid Optimization",https://www.rewbi.com,,founders@rewbi.com
Summer,reworks,"San Francisco, CA, USA","Melvin Hagberg, Erik Heimdal",Enables AI companies to build browser-based integrations without traditional API maintenance.,"AI, Integrations, Browser, Automation",https://www.reworks.ai,https://www.tella.tv/video/reworks-demo-1-gufr,melvin@reworks.ai
Summer,RowBoat Labs,"San Francisco, CA, USA","Ramnique Singh, Akhilesh Sudhakar","AI agents for customer support, improving response times and service quality.","AI, Customer Support, Automation, Agents",https://rowboatlabs.com,,founders@rowboatlabs.com
Summer,Saldor,"San Francisco, CA, USA","Jacob Bland, Jack Cameron",Web scraper for AI-driven data collection.,"AI, Web Scraping, Data Processing",https://saldor.com/,,info@saldor.com
Summer,Saphira AI,"San Francisco, CA, USA","Akshay Chalana, Oscar Avatare",Simplifies safety certification for hardware products like industrial robots and machinery.,"AI, Hardware, Safety Certification, Robotics",https://saphira.ai,,akshay@saphira.ai
Summer,Saturn,"London, UK","Michael Ettlinger, Amal Jolly, Rohit Vaish","Automates back-office workflows for wealth management firms, focusing on compliance.","AI, Wealth Management, Compliance",https://www.saturnos.com,,founders@heysaturn.com
Summer,SchemeFlow,"San Francisco, CA, USA","Andrew Browning, Jonny Browning, James Griffith",AI platform automating government approvals for construction projects.,"GovTech, AI, Construction",https://www.schemeflow.com,https://youtu.be/yLDCATCbWog,andrew@schemeflow.com
Summer,Seals AI,"San Francisco, CA, USA","Luis Mario Garcia, Heber Garza, Javier Gonzalez, Fernando Huerta",AI-powered employees for wholesalers and distributors to handle manual tasks.,"AI, Automation, Wholesale",https://www.hireseals.ai/,https://youtu.be/yuCP74Q0beo,founders@hireseals.ai
Summer,Sensei,"San Francisco, CA, USA",Larry Ellison,Robotics training data solution that generates training data via demonstrations.,"AI, Robotics, Automation",https://senseirobotics.com,,founders@senseirobotics.com
Summer,Sepal AI,"San Francisco, CA, USA","Robi Lin, Kat Hu, Fedor Paretsky",Data development platform for LLM users and builders.,"AI, DevTools, LLM",https://www.sepalai.com,,founders@sepalai.com
Summer,Silurian,"Kirkland, WA, USA","Jayesh K. Gupta, Cristian Bodnar, Nikhil Shankar",Foundation models for simulating Earth processes.,"AI, Earth Simulation, Foundation Models",https://silurian.ai/,,founders@silurian.ai
Summer,Simple AI,"San Francisco, CA, USA","Zach Kamran, Catheryn Li",Voice assistant that simplifies the use of consumer apps.,"AI, Voice Assistant, ConsumerTech",https://www.usesimple.ai,,founders@usesimple.ai
Summer,Simplex,"San Francisco, CA, USA","Shreya Karpoor, Marco Nocito",Creates on-demand vision datasets rendered from 3D scenes for training AI models.,"AI, Vision Datasets, 3D Rendering, Model Training",https://simplex.sh,,shreya@simplex.sh
Summer,Simplifine,"San Francisco, CA, USA","Raveen Kariyawasam, Ege Kaan Duman, Ali Kavoosi","AI workspace integrating library management, note-taking, data analysis, and collaboration.","AI, Research, Collaboration",https://www.simplifine.com,,founders@simplifine.com
Summer,Snowpilot,"San Francisco, CA, USA","Dom Crosby, Ben Warren",Open-source software providing an intuitive interface to handle complex data from multiple sources.,"AI, Data Integration, Open-Source, Complex Data",https://www.snowpilot.com,https://youtu.be/NwXMyVDvHNc,
Summer,Soff,"San Francisco, CA, USA","Berni Hausleitner, Raban von Spiegel",Supply chain OS for manufacturing companies.,"Supply Chain, Manufacturing, Logistics",https://soff.ai/,,founders@soff.ai
Summer,Soma Lab,"San Francisco, CA, USA","Tiko Bdoyan, Vrishank Saini",Simulated patients to scale medical education.,"HealthTech, AI, Medical Education",https://somalab.ai,,founders@somalab.ai
Summer,Sorcerer,"San Francisco, CA, USA","Maxmillion McLaughlin, Austin Tindle, Alessandro Vecchi",Builds weather balloons collecting 1000x more data than traditional systems.,"AI, Data Collection, Weather, Balloons",https://sorcerer.earth,https://youtu.be/F_Di8cjaEUY,maxmillion@sorcerer.earth
Summer,Spaceium Inc,"Long Beach, CA, USA","Ashi Dissanayake, Reza Fetanat",Automating space stations for spacecraft refueling and repairs.,"AI, Space, Automation, Refueling",https://spaceium.com,,founders@spaceium.com
Summer,Spherecast,"San Francisco, CA, USA","Paul Dietrich, Leon Hergert, Pascal Schindler","AI-powered inventory management solution for E-commerce, supporting demand planning and replenishment.","AI, E-commerce, Inventory Management, Automation",https://www.spherecast.ai/,,leon@spherecast.ai
Summer,Spur,"San Francisco, CA, USA","Anushka Nijhawan, Sneha Sivakumar",AI-powered QA engineer for website testing with natural language.,"AI, Quality Assurance, Website Testing, Automation",https://www.spurtest.com/,https://www.loom.com/share/bbab011b36904f4ea6d97a85225c7c30?sid=2023cab4-e476-4574-9ad3-f5daf34d4d89,sena@spurtest.com
Summer,Stack Auth,"San Francisco, CA, USA","Zai Shi, Konstantin Wohlwend",Open-source authentication and user management solution for developers.,"Open Source, Authentication, User Management, Developer Tools",https://stack-auth.com,,team@stack-auth.com
Summer,Standard Data,"San Francisco, CA, USA","John Robison, Shaashwat Sharma",Builds LLM connectors to integrate manufacturing data.,"AI, Manufacturing, Data Integration",https://www.standarddata.com/,,founders@standarddata.com
Summer,Stempad,N/A,Ralph Rouhana,Cloud-based scientific note-taking platform for STEM fields.,"Science, Collaboration, SaaS",https://www.stempad.io,,ralph@stempad.io
Summer,Storia AI,"Millbrae, CA, USA","Mihail Eric, Julia Turc",Open-source AI copilot that understands company code and its context.,"AI, Open Source, Software Development, Code Understanding",https://storia.ai,,mihail@storia.ai
Summer,stormy.ai,"San Francisco, CA, USA","Robert Lukoshka, Alex Pokras",AI-powered layer on top of macOS offering highly personalized assistance.,"AI, Personal Assistant, macOS, Productivity",https://stormy.ai,,contact@stormy.ai
Summer,Substrate,"San Francisco, CA, USA","Inderpal Singh, Ayo Omojola",AI agents that automate data entry and repetitive tasks in revenue cycle management for medical billing.,"AI, Medical Billing, Automation",https://www.substrate.cc/,,
Summer,Superfilter,"San Francisco, CA, USA","Albrey Brown, Scott Moss, Travis Ueki",AI-powered assistant that manages email efficiently.,"AI, Email, Productivity, Workflow Automation",https://superfilter.ai,,support@superfilter.ai
Summer,Superunit,"Los Angeles, CA, USA","Peter Marler, Zach Yellin-Flaherty",AI-powered ERP platform for companies selling/manufacturing physical goods.,"AI, ERP, Physical Goods, Manufacturing",http://superunit.ai,,hello@superunit.ai
Summer,SureBright,"New York, NY, USA","Manish Chauhan, Sanket Munjal","Offers an Apple Care-like warranty program for eCommerce and tech sectors, embedding warranties into products.","WarrantyTech, eCommerce, InsurTech",https://surebright.com/,,support@surebright.com
Summer,Synnax,"San Francisco, CA, USA","Emiliano Bonilla, Patrick Dotson, Elham Islam","AI-powered mission control stack integrating data storage and processing tools like LabVIEW, Snowflake, and Grafana.","AI, Mission Control, Data Storage, Processing",https://www.synnaxlabs.com/,,founders@synnaxlabs.com
Summer,Syntra,"San Francisco, CA, USA","Ayush Jain, Aniketh Kolla",AI-powered operating system for private practice doctors.,"HealthTech, AI",https://www.syntra.com,https://www.youtube.com/watch?v=E5Mkt0IRtNM,founders@syntra.com
Summer,Tabular,"Berlin, Germany","Tim Hermes, Markus Jungnickel, Kilian Justus, Leo von Kleist","AI automating accounting workflows like document classification, VAT filings, and bookings in Europe.","AI, Accounting, Automation, Europe",https://www.gotabular.de/en/,,founders@gotabular.de
Summer,Tandem,"San Francisco, CA, USA","Rafi Sands, Brendan Suh, Kristen Gallogly","Virtual office for remote and distributed teams, offering communication and collaboration tools.","AI, Collaboration, Remote Work, Communication",https://tandem.space/,https://youtu.be/zCSB2izcjbY,
Summer,TaxGPT,"San Francisco, CA, USA","Kashif Ali, Isabella Maceda-Ali",AI-powered tax assistant that enhances productivity and profitability for accounting and tax firms.,"AI, Tax, Accounting, Productivity",https://www.taxgpt.com,,
Summer,Taxo,"San Francisco, CA, USA","Ahmed Kerwan, Hassan Tahir","Automated medical billing and coding solution, providing high-quality tax information.","AI, Medical Billing, Coding, Automation",https://taxo.ai,https://youtu.be/uccf1VZxfdU,founders@taxo.ai
Summer,Terra,"New York, NY, USA","Lev Glushkovskii, Dylan McFarland","All-in-one platform to develop, manufacture, and ship products with pre-vetted suppliers and modular supply chains.","Supply Chain, Manufacturing, Logistics",https://useterra.com/,,founders@useterra.com
Summer,The Forecasting Company,"Paris, France","Joachim Fainberg, Geoffrey Negiar",Builds planning systems using foundation models for time series forecasting.,"AI, Forecasting, Planning",https://www.theforecastingcompany.com,,founders@theforecastingcompany.com
Summer,Theseus,"San Francisco, CA, USA","Ian Laffey, Sacha Levy, Carl Schoeller",GPS-denied navigation system for drones using visual navigation technology.,"AI, Drones, Navigation, GPS Replacement",https://theseus.us,,ian@theseus.us
Summer,Thunder Compute,"Atlanta, GA, USA","Brian Model, Carl Peterson","Virtualizes GPUs over a network, enabling cloud GPU access with minimal setup.","AI, Cloud Computing, GPU",https://www.thundercompute.com,,support@thundercompute.com
Summer,Thyme,"San Francisco, CA, USA","Daniel Lantz, Fernando San Martin",AI tool for conducting and analyzing meetings for financial advisors.,"AI, Finance, Productivity",https://www.meetthyme.com/,,founders@meetthyme.com
Summer,Tivara,"New York, NY, USA","Aumesh Misra, Tej Seelamsetty",Uses LLMs to automate insurance approval processes for healthcare clinics.,"AI, Insurance, Healthcare, LLMs",https://www.tivara.com,,tej@tivara.com
Summer,TradeFlow,"New York, NY, USA","Taryn Reardon, Liam Breen",AI software to automate stock trade settlements.,"AI, FinTech, Stock Trading",https://www.tradeflowai.com/,,sales@tradeflowai.com
Summer,Ultra,"San Francisco, CA, USA","Jon Miller Schwartz, Max Friefeld, Oliver Ortlieb, Chetan Parthiban",AI-powered robots automating warehouse labor.,"AI, Robotics, Automation, Warehouse",https://ultra.tech,,founders@ultra.tech
Summer,Unbound Security,"San Francisco, CA, USA","Rajaram Srinivasan, Vignesh Subbiah",Secure Gen AI applications for enterprise use.,"AI, Security, Gen AI, Enterprise",https://www.unboundsecurity.ai/,,founders@unboundsecurity.ai
Summer,Undermind,"San Francisco, CA, USA","Tom Hartke, Joshua Ramette","AI agent for complex search, designed to discover scientific papers using adaptive LLMs.","AI, Search, LLM, Scientific Research",https://www.undermind.ai,,
Summer,Unriddle,"San Francisco, CA, USA",Naveed Janmohamed,"AI-powered research assistant that helps users read, write, and organize research papers faster.","AI, Research, Academic, Productivity",https://www.unriddle.ai/,,naveed@unriddle.ai
Summer,Unsloth AI,"San Francisco, CA, USA","Daniel Han, Michael Han",Helps developers create custom AI models more efficiently.,"AI, Model Building, Developer Tools",https://unsloth.ai,,support@unsloth.ai
Summer,Usul,"San Francisco, CA, USA","Jarren Reid, Oliver Gomez, Joonghyun Lee, Pranav Sriram",AI-driven platform for winning defense contracts.,"AI, Defense, GovernmentTech",https://www.usul.co/,,founders@usul.co
Summer,Vendra,"San Francisco, CA, USA","Anish Bhardwaj, Shan Mohta",AI vendor and project management solution for hardware teams.,"AI, Hardware, Project Management",https://vendra.io/,,
Summer,Vera Health,"San Francisco, CA, USA","Maxime Allouch, Taieb Bennani",AI helping healthcare providers with clinical decision-making.,"AI, Healthcare, Clinical Decision Support, Automation",https://www.vera-health.ai,,
Summer,VideoGen,"San Francisco, CA, USA","David Grossman, Anton Koenig","Enables users to create professional, copyright-free videos in seconds using AI.","AI, Video Creation, Copyright-free, Automation",https://videogen.io,https://www.youtube.com/watch?v=unJnvJqdN28,founders@videogen.io
Summer,Village Labs,"New York, NY, USA","Roger Cawdette, Turja Chowdhury",Automates setting up and managing ESOPs to help businesses transition to employee ownership.,"AI, ESOPs, Ownership, Business Transition",https://villagelabs.app/,,
Summer,Void,"San Francisco, CA, USA","Andrew Pareles, Mathew Pareles","Open-source AI code editor with features of Cursor, without sending code to the API.","AI, Code Editor, Open Source, Developer Tools",https://voideditor.com,,hello@voideditor.com
Summer,Voker,"San Francisco, CA, USA","Tyler Postle, Alex Rudolph",No-code AI builder for product teams to simplify AI lifecycle and streamline collaboration.,"AI, No-Code, Product Development",https://voker.ai,https://www.tella.tv/video/voker-the-self-serve-ai-builder-for-product-teams-9526,
Summer,Weave Robotics,"San Francisco, CA, USA","Kaan Dogrusoz, Evan Wineland","Autonomous home robots for tidying, folding laundry, and maintaining the home, with the first 30 robots shipping in fall 2025.","AI, Robotics, Home Automation",https://www.weaverobots.com,https://youtu.be/ck_r-v-M3ug,founders@weaverobots.com
Summer,Weavel,"San Francisco, CA, USA","Andrew Chung, Hyun Jie Jung, Junyoung Park",Automates prompt and LLM engineering 50x faster than human capability.,"AI, Automation, LLM",https://weavel.ai,,hyunjie@weavel.ai
Summer,Willow,"Palo Alto, CA, USA","Allan Guo, Ian Ye, Steven Zhou",AI solution for automating revenue cycle management in long-term care facilities.,"AI, Healthcare, Revenue Cycle Management, Long-term Care",https://seewillow.com/,,founders@seewillow.com
Summer,Winford AI,"New York, NY, USA","Jacob Tucker, Rohan Prashant","AI-powered software for institutional credit investors, providing insights from investment materials.","AI, Finance, Credit",https://winford.ai/,https://www.loom.com/share/dd0fad5f93344cfc855c7cee54634a25?sid=7af43497-489e-4481-b3c0-279db2d11f22,founders@winford.ai
Summer,Wordware,"San Francisco, CA, USA","Robert Chandler, Filip Kozera","IDE for developing, iterating, and deploying AI agents.","AI, Developer Tools, IDE, Agents",http://wordware.ai,,founders@wordware.ai
Summer,XTraffic,"Dallas, TX, USA","Everett Ivy, Luke Adams, Brian Payne",AI for managing and automating city traffic lights.,"AI, Traffic, Automation, Smart Cities",https://xtraffic.com/,,
Summer,Zeit AI,"San Francisco, CA, USA","Marvin Christopher Bornstein, Leopold von Waldthausen",AI platform for querying and analyzing enterprise tables using natural language.,"AI, Data Analytics, EnterpriseTech",https://zeit-ai.com,https://youtu.be/u3NcYh4zCz4,contact@zeit-ai.com
Summer,Zenbase AI,"San Francisco, CA, USA","Cyrus Nouroozi, Amir Mehr",Developer tools and cloud infrastructure focused on automating prompt engineering and model selection for AI apps.,"AI, Developer Tools, Cloud Infrastructure",https://zenbase.ai,,
Summer,Zephr,"San Francisco, CA, USA","Bill Chen, William Hu",AI customer success manager that automates customer health monitoring and task management.,"AI, Customer Success, Automation",https://www.zephr.ai/,,
Summer,ZeroPath,"San Francisco, CA, USA","Dean Valentine, Nathan Hrncirik, Raphael Karger, Etienne Lunetta","Automatically detects, verifies, and fixes web app vulnerabilities.","AI, Cybersecurity, DevOps",https://zeropath.com,,team@zeropath.com
Summer,Zigma - by NextUI,"San Francisco, CA, USA",Junior Garcia,Design system creation platform that syncs design files with production code.,"Design, DevTools, AI",https://zigma.io,https://youtu.be/dmOPtsiWo6Q,founders@zigma.io
Summer,Zimi,"San Francisco, CA, USA","Audrey Djiya, Peter Nsaka",Amazon-like fulfillment platform for exporters in emerging markets.,"Logistics, eCommerce, Emerging Markets",https://www.withzimi.com,,audrey@withzimi.com
Summer,Zuni,N/A,"George Seabridge, Will Taylor",AI that helps streamline email management for greater productivity.,"AI, Email, Productivity, Workflow Automation",https://zuni.app,,hello@zuni.app
